{
    "loss": 0.631619930267334,
    "accuracy": 0.9289740920066833
}